{
	"info": {
		"_postman_id": "bef32bea-bb68-4f94-9760-0c484af0be27",
		"name": "Login APIs",
		"schema": "https://schema.getpostman.com/json/collection/v2.1.0/collection.json"
	},
	"item": [
		{
			"name": "Login - External User",
			"request": {
				"method": "POST",
				"header": [],
				"body": {
					"mode": "raw",
					"raw": "{\r\n    \"email\":\"anil.mehta@kansai.com\"\r\n    \r\n}",
					"options": {
						"raw": {
							"language": "json"
						}
					}
				},
				"url": {
					"raw": "{{url}}/auth/send-otp",
					"host": [
						"{{url}}"
					],
					"path": [
						"auth",
						"send-otp"
					]
				}
			},
			"response": []
		},
		{
			"name": "Login - External - Verify OTP",
			"request": {
				"method": "POST",
				"header": [],
				"body": {
					"mode": "raw",
					"raw": "{\r\n    \"email\":\"anil.mehta@kansai.com\",\r\n    \"otp\": \"46045\"\r\n}",
					"options": {
						"raw": {
							"language": "json"
						}
					}
				},
				"url": {
					"raw": "{{url}}/auth/verify-otp",
					"host": [
						"{{url}}"
					],
					"path": [
						"auth",
						"verify-otp"
					]
				}
			},
			"response": []
		},
		{
			"name": "Login - Internal User",
			"request": {
				"method": "POST",
				"header": [],
				"body": {
					"mode": "raw",
					"raw": "{\r\n            \"email\": \"Nirmala.yadav@lockton.com\",\r\n            \"password\":\"Oct@2988\"\r\n\r\n}",
					"options": {
						"raw": {
							"language": "json"
						}
					}
				},
				"url": {
					"raw": "{{url}}/auth/login",
					"host": [
						"{{url}}"
					],
					"path": [
						"auth",
						"login"
					]
				}
			},
			"response": []
		}
	]
}