{
	"info": {
		"_postman_id": "75112d19-ef76-4475-9852-7a6355ac1702",
		"name": "Master Data",
		"schema": "https://schema.getpostman.com/json/collection/v2.1.0/collection.json"
	},
	"item": [
		{
			"name": "Syncing Master Data API",
			"request": {
				"method": "POST",
				"header": [],
				"url": {
					"raw": "http://localhost:4000/api/masterDataSync/sync",
					"protocol": "http",
					"host": [
						"localhost"
					],
					"port": "4000",
					"path": [
						"api",
						"masterDataSync",
						"sync"
					]
				}
			},
			"response": []
		},
		{
			"name": "Master Data Companies",
			"request": {
				"method": "GET",
				"header": [],
				"url": {
					"raw": "http://localhost:4000/api/masterDataSync/companies",
					"protocol": "http",
					"host": [
						"localhost"
					],
					"port": "4000",
					"path": [
						"api",
						"masterDataSync",
						"companies"
					]
				}
			},
			"response": []
		},
		{
			"name": "Master Data Corporates",
			"request": {
				"method": "GET",
				"header": [],
				"url": {
					"raw": "http://localhost:4000/api/masterDataSync/corporates",
					"protocol": "http",
					"host": [
						"localhost"
					],
					"port": "4000",
					"path": [
						"api",
						"masterDataSync",
						"corporates"
					]
				}
			},
			"response": []
		}
	]
}