{
	"info": {
		"_postman_id": "9e90c1c8-ec63-4d64-9319-82f4b5ae4801",
		"name": "Other APIs",
		"schema": "https://schema.getpostman.com/json/collection/v2.1.0/collection.json"
	},
	"item": [
		{
			"name": "AuthenticationType API",
			"request": {
				"method": "GET",
				"header": [],
				"url": {
					"raw": "http://localhost:4000/api/authType",
					"protocol": "http",
					"host": [
						"localhost"
					],
					"port": "4000",
					"path": [
						"api",
						"authType"
					]
				}
			},
			"response": []
		},
		{
			"name": "Access Rights API",
			"request": {
				"method": "GET",
				"header": [],
				"url": {
					"raw": "http://localhost:4000/api/accessRights",
					"protocol": "http",
					"host": [
						"localhost"
					],
					"port": "4000",
					"path": [
						"api",
						"accessRights"
					]
				}
			},
			"response": []
		},
		{
			"name": "Role type mapping to AccessRights",
			"request": {
				"method": "GET",
				"header": [],
				"url": {
					"raw": "http://localhost:4000/api/accessRights/by-role-type/EXTERNAL",
					"protocol": "http",
					"host": [
						"localhost"
					],
					"port": "4000",
					"path": [
						"api",
						"accessRights",
						"by-role-type",
						"EXTERNAL"
					]
				}
			},
			"response": []
		},
		{
			"name": "SET Access Rights to particular user",
			"request": {
				"method": "POST",
				"header": [],
				"url": {
					"raw": "http://localhost:4000/api/accessRights/622e00f8-6c12-4e08-afe5-48125aa3d4f1/access-rights",
					"protocol": "http",
					"host": [
						"localhost"
					],
					"port": "4000",
					"path": [
						"api",
						"accessRights",
						"622e00f8-6c12-4e08-afe5-48125aa3d4f1",
						"access-rights"
					]
				}
			},
			"response": []
		},
		{
			"name": "GET Role Access Rights",
			"request": {
				"method": "GET",
				"header": [],
				"url": {
					"raw": "http://localhost:4000/api/roleAccessRights",
					"protocol": "http",
					"host": [
						"localhost"
					],
					"port": "4000",
					"path": [
						"api",
						"roleAccessRights"
					]
				}
			},
			"response": []
		},
		{
			"name": "Get Users by Roles",
			"request": {
				"method": "GET",
				"header": [],
				"url": {
					"raw": "http://localhost:4000/api/users/user-by-role?roles=RM,CM",
					"protocol": "http",
					"host": [
						"localhost"
					],
					"port": "4000",
					"path": [
						"api",
						"users",
						"user-by-role"
					],
					"query": [
						{
							"key": "roles",
							"value": "RM,CM"
						}
					]
				}
			},
			"response": []
		}
	]
}