{
	"info": {
		"_postman_id": "811a99d0-60b1-46c8-8b69-e98864dc1430",
		"name": "Roles Management",
		"schema": "https://schema.getpostman.com/json/collection/v2.1.0/collection.json"
	},
	"item": [
		{
			"name": "GET Roles",
			"request": {
				"method": "GET",
				"header": [],
				"url": {
					"raw": "http://localhost:4000/api/roles",
					"protocol": "http",
					"host": [
						"localhost"
					],
					"port": "4000",
					"path": [
						"api",
						"roles"
					]
				}
			},
			"response": []
		},
		{
			"name": "Create Roles",
			"request": {
				"method": "POST",
				"header": [],
				"body": {
					"mode": "raw",
					"raw": "{\r\n    \"roleType\":\"EXTERNAL\",\r\n    \"roleName\":\"Manager\",\r\n    \"description\":\"manager\"\r\n}",
					"options": {
						"raw": {
							"language": "json"
						}
					}
				},
				"url": {
					"raw": "http://localhost:4000/api/roles",
					"protocol": "http",
					"host": [
						"localhost"
					],
					"port": "4000",
					"path": [
						"api",
						"roles"
					]
				}
			},
			"response": []
		},
		{
			"name": "UPDATE Roles",
			"request": {
				"method": "PATCH",
				"header": [],
				"body": {
					"mode": "raw",
					"raw": "{\r\n    \"roleType\":\"EXTERNAL\",\r\n    \"roleName\":\"HR Manager\",\r\n    \"description\":\"manager\"\r\n}",
					"options": {
						"raw": {
							"language": "json"
						}
					}
				},
				"url": {
					"raw": "http://localhost:4000/api/roles/4a830603-9301-4a35-bee9-44f10835370d",
					"protocol": "http",
					"host": [
						"localhost"
					],
					"port": "4000",
					"path": [
						"api",
						"roles",
						"4a830603-9301-4a35-bee9-44f10835370d"
					]
				}
			},
			"response": []
		},
		{
			"name": "GET Role",
			"request": {
				"method": "GET",
				"header": [],
				"url": {
					"raw": "http://localhost:4000/api/roles/4a830603-9301-4a35-bee9-44f10835370d",
					"protocol": "http",
					"host": [
						"localhost"
					],
					"port": "4000",
					"path": [
						"api",
						"roles",
						"4a830603-9301-4a35-bee9-44f10835370d"
					]
				}
			},
			"response": []
		},
		{
			"name": "DELETE Role",
			"request": {
				"method": "DELETE",
				"header": [],
				"url": {
					"raw": "http://localhost:4000/api/roles/4a830603-9301-4a35-bee9-44f10835370d",
					"protocol": "http",
					"host": [
						"localhost"
					],
					"port": "4000",
					"path": [
						"api",
						"roles",
						"4a830603-9301-4a35-bee9-44f10835370d"
					]
				}
			},
			"response": []
		}
	]
}