{
	"info": {
		"_postman_id": "0d81011a-6fc8-4a22-ad22-0918903c3624",
		"name": "User Management",
		"schema": "https://schema.getpostman.com/json/collection/v2.1.0/collection.json"
	},
	"item": [
		{
			"name": "Create User",
			"request": {
				"method": "POST",
				"header": [],
				"body": {
					"mode": "raw",
					"raw": "{\r\n \"fullName\": \"Mukul Bhatia\",\r\n \"email\": \"mukul.bhatia@lockton.com\",\r\n \"phone\": \"9114523800\",\r\n \"clientGroupId\": \"12\",\r\n \"clientId\": \"10\",\r\n         \"roleId\": \"5e94e753-16ad-48e0-a889-667ae637ba51\",\r\n \"authTypeId\": \"0ec67c24-ef1d-43c6-9be3-1b369e99d1cd\",\r\n \"relationshipManager\": \"\",\r\n        \"claimsManager\": \"\",\r\n \"userType\": \"INTERNAL\",\r\n \"assignCorporateGroup\":\"\",\r\n  \"endDate\":\"2026-09-31\",\r\n \"accessRights\": [\r\n   \"15c5db8c-5562-45a9-9924-f6fa8b82d842\"\r\n ],\r\n \r\n \"isActive\": true\r\n}\r\n",
					"options": {
						"raw": {
							"language": "json"
						}
					}
				},
				"url": {
					"raw": "{{url}}/api/users",
					"host": [
						"{{url}}"
					],
					"path": [
						"api",
						"users"
					]
				}
			},
			"response": [
				{
					"name": "Create User",
					"originalRequest": {
						"method": "POST",
						"header": [],
						"body": {
							"mode": "raw",
							"raw": "\r\n{\r\n \"fullName\": \"Nirmala Yadav\",\r\n \"email\": \"Nirmala.yadav1@lockton.com\",\r\n \"phone\": \"9113523800\",\r\n \"corporateId\": \"ee21a17f-d221-4a90-b1db-c1eae874acfb\",\r\n \"companyId\": \"0dab3b66-7cf1-4487-8987-4303147c032a\",\r\n  \"relationshipManager\": \"Jaideep Deshpande\",\r\n        \"claimsManager\": \"Mukul Bhatia\",\r\n         \"roleId\": \"d22a0e84-2ff4-4f3a-9ae3-524251efe711\",\r\n \"authTypeId\": \"0ec67c24-ef1d-43c6-9be3-1b369e99d1cd\",\r\n \"userType\": \"INTERNAL\",\r\n  \"endDate\":\"2026-09-31\",\r\n \"accessRights\": [\r\n   \"15c5db8c-5562-45a9-9924-f6fa8b82d842\"\r\n ],\r\n \"isActive\": true\r\n}",
							"options": {
								"raw": {
									"language": "json"
								}
							}
						},
						"url": {
							"raw": "{{url}}/api/users",
							"host": [
								"{{url}}"
							],
							"path": [
								"api",
								"users"
							]
						}
					},
					"status": "Created",
					"code": 201,
					"_postman_previewlanguage": "json",
					"header": [
						{
							"key": "X-Powered-By",
							"value": "Express"
						},
						{
							"key": "Content-Type",
							"value": "application/json; charset=utf-8"
						},
						{
							"key": "Content-Length",
							"value": "163"
						},
						{
							"key": "ETag",
							"value": "W/\"a3-H4AhZnPM9KOwsDYxHQJIYoOeRYA\""
						},
						{
							"key": "Date",
							"value": "Mon, 05 Jan 2026 07:59:06 GMT"
						},
						{
							"key": "Connection",
							"value": "keep-alive"
						},
						{
							"key": "Keep-Alive",
							"value": "timeout=5"
						}
					],
					"cookie": [],
					"body": "{\n    \"message\": \"User created successfully\",\n    \"id\": \"b89e8e0e-26ec-4493-8b74-641aee933240\",\n    \"email\": \"N************1@lockton.com\",\n    \"phone\": \"******3800\",\n    \"userType\": \"INTERNAL\"\n}"
				}
			]
		},
		{
			"name": "Get All Users",
			"protocolProfileBehavior": {
				"disableBodyPruning": true
			},
			"request": {
				"method": "GET",
				"header": [],
				"body": {
					"mode": "raw",
					"raw": "",
					"options": {
						"raw": {
							"language": "json"
						}
					}
				},
				"url": {
					"raw": "{{url}}/api/users/",
					"host": [
						"{{url}}"
					],
					"path": [
						"api",
						"users",
						""
					]
				}
			},
			"response": [
				{
					"name": "Get All Users",
					"originalRequest": {
						"method": "GET",
						"header": [],
						"body": {
							"mode": "raw",
							"raw": "",
							"options": {
								"raw": {
									"language": "json"
								}
							}
						},
						"url": {
							"raw": "{{url}}/api/users/",
							"host": [
								"{{url}}"
							],
							"path": [
								"api",
								"users",
								""
							]
						}
					},
					"status": "OK",
					"code": 200,
					"_postman_previewlanguage": "json",
					"header": [
						{
							"key": "X-Powered-By",
							"value": "Express"
						},
						{
							"key": "Content-Type",
							"value": "application/json; charset=utf-8"
						},
						{
							"key": "Content-Length",
							"value": "29703"
						},
						{
							"key": "ETag",
							"value": "W/\"7407-ub1S8wvwpwL9yogX+Og7BB6Slz8\""
						},
						{
							"key": "Date",
							"value": "Mon, 05 Jan 2026 07:58:34 GMT"
						},
						{
							"key": "Connection",
							"value": "keep-alive"
						},
						{
							"key": "Keep-Alive",
							"value": "timeout=5"
						}
					],
					"cookie": [],
					"body": "[\n    {\n        \"id\": \"09c5b855-f95d-49c0-87ab-48af113cc667\",\n        \"fullName\": \"Ramesh K\",\n        \"email\": \"ramesh@locktonindia.com\",\n        \"phone\": \"9876543010\",\n        \"corporateId\": \"ce7e4d8d-069f-4314-b67f-10effbbec8f6\",\n        \"companyId\": \"e5ff13bb-21e5-4b15-9e3e-3f82481c80c1\",\n        \"endDate\": \"2026-12-31T00:00:00.000Z\",\n        \"relationshipManager\": \"Jaideep Deshpande\",\n        \"claimsManager\": \"Mukul Bhatia\",\n        \"roleId\": \"3083557b-522b-4423-ab86-55b925ad8609\",\n        \"authTypeId\": \"0ec67c24-ef1d-43c6-9be3-1b369e99d1cd\",\n        \"userType\": \"INTERNAL\",\n        \"isActive\": false,\n        \"deleted\": false,\n        \"createdAt\": \"2025-12-17T04:31:50.275Z\",\n        \"updatedAt\": \"2025-12-17T10:16:43.216Z\",\n        \"auth_type_id\": \"0ec67c24-ef1d-43c6-9be3-1b369e99d1cd\",\n        \"role_id\": \"3083557b-522b-4423-ab86-55b925ad8609\",\n        \"corporate_id\": \"ce7e4d8d-069f-4314-b67f-10effbbec8f6\",\n        \"company_id\": \"e5ff13bb-21e5-4b15-9e3e-3f82481c80c1\",\n        \"role\": {\n            \"id\": \"3083557b-522b-4423-ab86-55b925ad8609\",\n            \"roleType\": \"BUSINESS\",\n            \"roleName\": \"RM\",\n            \"description\": \"Relationship Manager\",\n            \"createdAt\": \"2025-12-17T03:27:15.542Z\",\n            \"updatedAt\": \"2025-12-17T03:27:15.542Z\"\n        },\n        \"corporate\": {\n            \"id\": \"ce7e4d8d-069f-4314-b67f-10effbbec8f6\",\n            \"corporateName\": \"ABC Group\",\n            \"groupName\": \"ABC Holdings\",\n            \"zoneName\": \"South Zone\",\n            \"companyLevel\": \"Group\",\n            \"isActive\": true,\n            \"createdAt\": \"2025-12-17T03:47:12.265Z\",\n            \"updatedAt\": \"2025-12-17T03:47:12.265Z\"\n        },\n        \"company\": {\n            \"id\": \"e5ff13bb-21e5-4b15-9e3e-3f82481c80c1\",\n            \"companyName\": \"ABC Manufacturing Pvt Ltd\",\n            \"corporateId\": \"ce7e4d8d-069f-4314-b67f-10effbbec8f6\",\n            \"isActive\": true,\n            \"createdAt\": \"2025-12-17T09:17:16.017Z\",\n            \"updatedAt\": \"2025-12-17T09:17:16.017Z\"\n        },\n        \"authType\": {\n            \"id\": \"0ec67c24-ef1d-43c6-9be3-1b369e99d1cd\",\n            \"name\": \"ad\",\n            \"description\": \"Azure Directory login\",\n            \"createdAt\": \"2025-12-17T02:58:01.237Z\",\n            \"updatedAt\": \"2025-12-17T02:58:01.237Z\"\n        },\n        \"accessRights\": [\n            {\n                \"id\": \"4bffe94f-88de-4305-92b0-8bc5eebbc864\",\n                \"rightName\": \"Policies\",\n                \"description\": \"Access to policies module\",\n                \"createdAt\": \"2025-12-17T03:30:22.731Z\",\n                \"updatedAt\": \"2025-12-17T03:30:22.731Z\",\n                \"UserAccessRight\": {\n                    \"id\": \"e1c721bb-6793-4554-858c-a4200e78626f\",\n                    \"user_id\": \"09c5b855-f95d-49c0-87ab-48af113cc667\",\n                    \"access_right_id\": \"4bffe94f-88de-4305-92b0-8bc5eebbc864\",\n                    \"createdAt\": \"2025-12-17T04:31:50.296Z\",\n                    \"updatedAt\": \"2025-12-17T04:31:50.296Z\"\n                }\n            },\n            {\n                \"id\": \"76fd80fa-0c51-407b-8356-4514168f52b6\",\n                \"rightName\": \"Claims\",\n                \"description\": \"Access to claims module\",\n                \"createdAt\": \"2025-12-17T03:30:22.731Z\",\n                \"updatedAt\": \"2025-12-17T03:30:22.731Z\",\n                \"UserAccessRight\": {\n                    \"id\": \"6db3c35b-367a-4825-b483-f215f378f6ca\",\n                    \"user_id\": \"09c5b855-f95d-49c0-87ab-48af113cc667\",\n                    \"access_right_id\": \"76fd80fa-0c51-407b-8356-4514168f52b6\",\n                    \"createdAt\": \"2025-12-17T04:31:50.296Z\",\n                    \"updatedAt\": \"2025-12-17T04:31:50.296Z\"\n                }\n            }\n        ]\n    },\n    {\n        \"id\": \"2be04b0f-e729-432b-89b6-9a9d616c09f4\",\n        \"fullName\": \"Anil Mehta\",\n        \"email\": \"anil.mehta@kansai.com\",\n        \"phone\": \"9988776655\",\n        \"corporateId\": \"3fd3d330-b4c7-4b79-a88f-b6a41e524c87\",\n        \"companyId\": \"b5b69f75-e1e7-41ef-b8fe-85e99b89e9b7\",\n        \"endDate\": \"2026-07-30T18:30:00.000Z\",\n        \"relationshipManager\": \"Jaideep Deshpande\",\n        \"claimsManager\": \"Mukul Bhatia\",\n        \"roleId\": \"e0bc54f8-baaf-4f32-a243-1536b34e84b7\",\n        \"authTypeId\": \"09a648c4-d17a-4476-91ce-f17356268175\",\n        \"userType\": \"EXTERNAL\",\n        \"isActive\": true,\n        \"deleted\": false,\n        \"createdAt\": \"2025-12-17T07:06:54.688Z\",\n        \"updatedAt\": \"2025-12-17T07:06:54.688Z\",\n        \"auth_type_id\": \"09a648c4-d17a-4476-91ce-f17356268175\",\n        \"role_id\": \"e0bc54f8-baaf-4f32-a243-1536b34e84b7\",\n        \"corporate_id\": \"3fd3d330-b4c7-4b79-a88f-b6a41e524c87\",\n        \"company_id\": \"b5b69f75-e1e7-41ef-b8fe-85e99b89e9b7\",\n        \"role\": {\n            \"id\": \"e0bc54f8-baaf-4f32-a243-1536b34e84b7\",\n            \"roleType\": \"EXTERNAL\",\n            \"roleName\": \"CEO\",\n            \"description\": \"Chief Executive Officer\",\n            \"createdAt\": \"2025-12-17T03:27:15.542Z\",\n            \"updatedAt\": \"2025-12-17T03:27:15.542Z\"\n        },\n        \"corporate\": {\n            \"id\": \"3fd3d330-b4c7-4b79-a88f-b6a41e524c87\",\n            \"corporateName\": \"LMN Technologies\",\n            \"groupName\": \"LMN Tech Group\",\n            \"zoneName\": \"North Zone\",\n            \"companyLevel\": \"Enterprise\",\n            \"isActive\": true,\n            \"createdAt\": \"2025-12-17T03:47:12.265Z\",\n            \"updatedAt\": \"2025-12-17T03:47:12.265Z\"\n        },\n        \"company\": {\n            \"id\": \"b5b69f75-e1e7-41ef-b8fe-85e99b89e9b7\",\n            \"companyName\": \"LMN Software Services\",\n            \"corporateId\": \"3fd3d330-b4c7-4b79-a88f-b6a41e524c87\",\n            \"isActive\": true,\n            \"createdAt\": \"2025-12-17T09:17:16.017Z\",\n            \"updatedAt\": \"2025-12-17T09:17:16.017Z\"\n        },\n        \"authType\": {\n            \"id\": \"09a648c4-d17a-4476-91ce-f17356268175\",\n            \"name\": \"email\",\n            \"description\": \"Email OTP login\",\n            \"createdAt\": \"2025-12-17T02:58:01.203Z\",\n            \"updatedAt\": \"2025-12-17T02:58:01.203Z\"\n        },\n        \"accessRights\": [\n            {\n                \"id\": \"d3b9ddc7-9853-4afb-8b28-033676f0f892\",\n                \"rightName\": \"Reports & Analytics\",\n                \"description\": \"Access to reports & analytics\",\n                \"createdAt\": \"2025-12-17T03:30:22.731Z\",\n                \"updatedAt\": \"2025-12-17T03:30:22.731Z\",\n                \"UserAccessRight\": {\n                    \"id\": \"8807151a-c749-4e40-8831-cc97e672e791\",\n                    \"user_id\": \"2be04b0f-e729-432b-89b6-9a9d616c09f4\",\n                    \"access_right_id\": \"d3b9ddc7-9853-4afb-8b28-033676f0f892\",\n                    \"createdAt\": \"2025-12-17T07:06:54.724Z\",\n                    \"updatedAt\": \"2025-12-17T07:06:54.724Z\"\n                }\n            },\n            {\n                \"id\": \"b8cec1fe-8396-4ccc-a520-90b8939f4c99\",\n                \"rightName\": \"News & Insights\",\n                \"description\": \"Access to news and insights\",\n                \"createdAt\": \"2025-12-17T03:30:22.731Z\",\n                \"updatedAt\": \"2025-12-17T03:30:22.731Z\",\n                \"UserAccessRight\": {\n                    \"id\": \"19b12fe4-5fd4-4d2e-91c0-694945900b21\",\n                    \"user_id\": \"2be04b0f-e729-432b-89b6-9a9d616c09f4\",\n                    \"access_right_id\": \"b8cec1fe-8396-4ccc-a520-90b8939f4c99\",\n                    \"createdAt\": \"2025-12-17T07:06:54.724Z\",\n                    \"updatedAt\": \"2025-12-17T07:06:54.724Z\"\n                }\n            }\n        ]\n    },\n    {\n        \"id\": \"7d42101d-201e-4a95-8116-50177b59c196\",\n        \"fullName\": \"IT Admin User\",\n        \"email\": \"admin@locktonindia.com\",\n        \"phone\": \"9123456789\",\n        \"corporateId\": \"ee21a17f-d221-4a90-b1db-c1eae874acfb\",\n        \"companyId\": \"0dab3b66-7cf1-4487-8987-4303147c032a\",\n        \"endDate\": \"2026-10-01T00:00:00.000Z\",\n        \"relationshipManager\": \"Jaideep Deshpande\",\n        \"claimsManager\": \"Mukul Bhatia\",\n        \"roleId\": \"d22a0e84-2ff4-4f3a-9ae3-524251efe711\",\n        \"authTypeId\": \"0ec67c24-ef1d-43c6-9be3-1b369e99d1cd\",\n        \"userType\": \"INTERNAL\",\n        \"isActive\": true,\n        \"deleted\": false,\n        \"createdAt\": \"2025-12-17T07:17:39.960Z\",\n        \"updatedAt\": \"2025-12-17T07:17:39.960Z\",\n        \"auth_type_id\": \"0ec67c24-ef1d-43c6-9be3-1b369e99d1cd\",\n        \"role_id\": \"d22a0e84-2ff4-4f3a-9ae3-524251efe711\",\n        \"corporate_id\": \"ee21a17f-d221-4a90-b1db-c1eae874acfb\",\n        \"company_id\": \"0dab3b66-7cf1-4487-8987-4303147c032a\",\n        \"role\": {\n            \"id\": \"d22a0e84-2ff4-4f3a-9ae3-524251efe711\",\n            \"roleType\": \"IT\",\n            \"roleName\": \"ADMIN\",\n            \"description\": \"IT Administrator\",\n            \"createdAt\": \"2025-12-17T03:27:15.542Z\",\n            \"updatedAt\": \"2025-12-17T03:27:15.542Z\"\n        },\n        \"corporate\": {\n            \"id\": \"ee21a17f-d221-4a90-b1db-c1eae874acfb\",\n            \"corporateName\": \"XYZ Industries\",\n            \"groupName\": \"XYZ Global\",\n            \"zoneName\": \"West Zone\",\n            \"companyLevel\": \"Enterprise\",\n            \"isActive\": true,\n            \"createdAt\": \"2025-12-17T03:47:12.265Z\",\n            \"updatedAt\": \"2025-12-17T03:47:12.265Z\"\n        },\n        \"company\": {\n            \"id\": \"0dab3b66-7cf1-4487-8987-4303147c032a\",\n            \"companyName\": \"XYZ Infra Solutions\",\n            \"corporateId\": \"ee21a17f-d221-4a90-b1db-c1eae874acfb\",\n            \"isActive\": true,\n            \"createdAt\": \"2025-12-17T09:17:16.017Z\",\n            \"updatedAt\": \"2025-12-17T09:17:16.017Z\"\n        },\n        \"authType\": {\n            \"id\": \"0ec67c24-ef1d-43c6-9be3-1b369e99d1cd\",\n            \"name\": \"ad\",\n            \"description\": \"Azure Directory login\",\n            \"createdAt\": \"2025-12-17T02:58:01.237Z\",\n            \"updatedAt\": \"2025-12-17T02:58:01.237Z\"\n        },\n        \"accessRights\": [\n            {\n                \"id\": \"15c5db8c-5562-45a9-9924-f6fa8b82d842\",\n                \"rightName\": \"Manage Users\",\n                \"description\": \"Access to Manage Users page\",\n                \"createdAt\": \"2025-12-17T03:30:22.731Z\",\n                \"updatedAt\": \"2025-12-17T03:30:22.731Z\",\n                \"UserAccessRight\": {\n                    \"id\": \"7c9ab617-7baa-435b-9bcc-68b83e0e4f7b\",\n                    \"user_id\": \"7d42101d-201e-4a95-8116-50177b59c196\",\n                    \"access_right_id\": \"15c5db8c-5562-45a9-9924-f6fa8b82d842\",\n                    \"createdAt\": \"2025-12-17T07:17:40.049Z\",\n                    \"updatedAt\": \"2025-12-17T07:17:40.049Z\"\n                }\n            }\n        ]\n    },\n    {\n        \"id\": \"32895f1e-9390-43b9-97ad-03e48d0a6efc\",\n        \"fullName\": \"Nirmala\",\n        \"email\": \"admin@xyz.com\",\n        \"phone\": \"9123453789\",\n        \"corporateId\": \"ee21a17f-d221-4a90-b1db-c1eae874acfb\",\n        \"companyId\": \"0dab3b66-7cf1-4487-8987-4303147c032a\",\n        \"endDate\": \"2026-10-01T00:00:00.000Z\",\n        \"relationshipManager\": \"Jaideep Deshpande\",\n        \"claimsManager\": \"Mukul Bhatia\",\n        \"roleId\": \"d22a0e84-2ff4-4f3a-9ae3-524251efe711\",\n        \"authTypeId\": \"0ec67c24-ef1d-43c6-9be3-1b369e99d1cd\",\n        \"userType\": \"EXTERNAL\",\n        \"isActive\": true,\n        \"deleted\": false,\n        \"createdAt\": \"2025-12-17T09:55:35.318Z\",\n        \"updatedAt\": \"2025-12-17T09:55:35.318Z\",\n        \"auth_type_id\": \"0ec67c24-ef1d-43c6-9be3-1b369e99d1cd\",\n        \"role_id\": \"d22a0e84-2ff4-4f3a-9ae3-524251efe711\",\n        \"corporate_id\": \"ee21a17f-d221-4a90-b1db-c1eae874acfb\",\n        \"company_id\": \"0dab3b66-7cf1-4487-8987-4303147c032a\",\n        \"role\": {\n            \"id\": \"d22a0e84-2ff4-4f3a-9ae3-524251efe711\",\n            \"roleType\": \"IT\",\n            \"roleName\": \"ADMIN\",\n            \"description\": \"IT Administrator\",\n            \"createdAt\": \"2025-12-17T03:27:15.542Z\",\n            \"updatedAt\": \"2025-12-17T03:27:15.542Z\"\n        },\n        \"corporate\": {\n            \"id\": \"ee21a17f-d221-4a90-b1db-c1eae874acfb\",\n            \"corporateName\": \"XYZ Industries\",\n            \"groupName\": \"XYZ Global\",\n            \"zoneName\": \"West Zone\",\n            \"companyLevel\": \"Enterprise\",\n            \"isActive\": true,\n            \"createdAt\": \"2025-12-17T03:47:12.265Z\",\n            \"updatedAt\": \"2025-12-17T03:47:12.265Z\"\n        },\n        \"company\": {\n            \"id\": \"0dab3b66-7cf1-4487-8987-4303147c032a\",\n            \"companyName\": \"XYZ Infra Solutions\",\n            \"corporateId\": \"ee21a17f-d221-4a90-b1db-c1eae874acfb\",\n            \"isActive\": true,\n            \"createdAt\": \"2025-12-17T09:17:16.017Z\",\n            \"updatedAt\": \"2025-12-17T09:17:16.017Z\"\n        },\n        \"authType\": {\n            \"id\": \"0ec67c24-ef1d-43c6-9be3-1b369e99d1cd\",\n            \"name\": \"ad\",\n            \"description\": \"Azure Directory login\",\n            \"createdAt\": \"2025-12-17T02:58:01.237Z\",\n            \"updatedAt\": \"2025-12-17T02:58:01.237Z\"\n        },\n        \"accessRights\": [\n            {\n                \"id\": \"15c5db8c-5562-45a9-9924-f6fa8b82d842\",\n                \"rightName\": \"Manage Users\",\n                \"description\": \"Access to Manage Users page\",\n                \"createdAt\": \"2025-12-17T03:30:22.731Z\",\n                \"updatedAt\": \"2025-12-17T03:30:22.731Z\",\n                \"UserAccessRight\": {\n                    \"id\": \"7cfa02d4-be0c-4a79-8333-546587bea649\",\n                    \"user_id\": \"32895f1e-9390-43b9-97ad-03e48d0a6efc\",\n                    \"access_right_id\": \"15c5db8c-5562-45a9-9924-f6fa8b82d842\",\n                    \"createdAt\": \"2025-12-17T09:55:35.335Z\",\n                    \"updatedAt\": \"2025-12-17T09:55:35.335Z\"\n                }\n            }\n        ]\n    },\n    {\n        \"id\": \"9bd9220b-166f-4a86-9024-f8a57339670d\",\n        \"fullName\": \"Nirmala\",\n        \"email\": \"admin@xyy.com\",\n        \"phone\": \"9123453089\",\n        \"corporateId\": \"ee21a17f-d221-4a90-b1db-c1eae874acfb\",\n        \"companyId\": \"0dab3b66-7cf1-4487-8987-4303147c032a\",\n        \"endDate\": \"2026-10-01T00:00:00.000Z\",\n        \"relationshipManager\": \"Jaideep Deshpande\",\n        \"claimsManager\": \"Mukul Bhatia\",\n        \"roleId\": \"d22a0e84-2ff4-4f3a-9ae3-524251efe711\",\n        \"authTypeId\": \"0ec67c24-ef1d-43c6-9be3-1b369e99d1cd\",\n        \"userType\": \"EXTERNAL\",\n        \"isActive\": true,\n        \"deleted\": false,\n        \"createdAt\": \"2025-12-17T09:56:30.564Z\",\n        \"updatedAt\": \"2025-12-17T09:56:30.564Z\",\n        \"auth_type_id\": \"0ec67c24-ef1d-43c6-9be3-1b369e99d1cd\",\n        \"role_id\": \"d22a0e84-2ff4-4f3a-9ae3-524251efe711\",\n        \"corporate_id\": \"ee21a17f-d221-4a90-b1db-c1eae874acfb\",\n        \"company_id\": \"0dab3b66-7cf1-4487-8987-4303147c032a\",\n        \"role\": {\n            \"id\": \"d22a0e84-2ff4-4f3a-9ae3-524251efe711\",\n            \"roleType\": \"IT\",\n            \"roleName\": \"ADMIN\",\n            \"description\": \"IT Administrator\",\n            \"createdAt\": \"2025-12-17T03:27:15.542Z\",\n            \"updatedAt\": \"2025-12-17T03:27:15.542Z\"\n        },\n        \"corporate\": {\n            \"id\": \"ee21a17f-d221-4a90-b1db-c1eae874acfb\",\n            \"corporateName\": \"XYZ Industries\",\n            \"groupName\": \"XYZ Global\",\n            \"zoneName\": \"West Zone\",\n            \"companyLevel\": \"Enterprise\",\n            \"isActive\": true,\n            \"createdAt\": \"2025-12-17T03:47:12.265Z\",\n            \"updatedAt\": \"2025-12-17T03:47:12.265Z\"\n        },\n        \"company\": {\n            \"id\": \"0dab3b66-7cf1-4487-8987-4303147c032a\",\n            \"companyName\": \"XYZ Infra Solutions\",\n            \"corporateId\": \"ee21a17f-d221-4a90-b1db-c1eae874acfb\",\n            \"isActive\": true,\n            \"createdAt\": \"2025-12-17T09:17:16.017Z\",\n            \"updatedAt\": \"2025-12-17T09:17:16.017Z\"\n        },\n        \"authType\": {\n            \"id\": \"0ec67c24-ef1d-43c6-9be3-1b369e99d1cd\",\n            \"name\": \"ad\",\n            \"description\": \"Azure Directory login\",\n            \"createdAt\": \"2025-12-17T02:58:01.237Z\",\n            \"updatedAt\": \"2025-12-17T02:58:01.237Z\"\n        },\n        \"accessRights\": [\n            {\n                \"id\": \"15c5db8c-5562-45a9-9924-f6fa8b82d842\",\n                \"rightName\": \"Manage Users\",\n                \"description\": \"Access to Manage Users page\",\n                \"createdAt\": \"2025-12-17T03:30:22.731Z\",\n                \"updatedAt\": \"2025-12-17T03:30:22.731Z\",\n                \"UserAccessRight\": {\n                    \"id\": \"db2b9c25-cbc4-449b-aaa4-b813f40e4c60\",\n                    \"user_id\": \"9bd9220b-166f-4a86-9024-f8a57339670d\",\n                    \"access_right_id\": \"15c5db8c-5562-45a9-9924-f6fa8b82d842\",\n                    \"createdAt\": \"2025-12-17T09:56:30.572Z\",\n                    \"updatedAt\": \"2025-12-17T09:56:30.572Z\"\n                }\n            }\n        ]\n    },\n    {\n        \"id\": \"182f0c61-e2a8-4004-ae83-e06415d04ab8\",\n        \"fullName\": \"Nirmala\",\n        \"email\": \"nirmala.P@locktonindia.com\",\n        \"phone\": \"9123453099\",\n        \"corporateId\": \"ee21a17f-d221-4a90-b1db-c1eae874acfb\",\n        \"companyId\": \"0dab3b66-7cf1-4487-8987-4303147c032a\",\n        \"endDate\": \"2026-10-01T00:00:00.000Z\",\n        \"relationshipManager\": \"Jaideep Deshpande\",\n        \"claimsManager\": \"Mukul Bhatia\",\n        \"roleId\": \"d22a0e84-2ff4-4f3a-9ae3-524251efe711\",\n        \"authTypeId\": \"0ec67c24-ef1d-43c6-9be3-1b369e99d1cd\",\n        \"userType\": \"INTERNAL\",\n        \"isActive\": true,\n        \"deleted\": false,\n        \"createdAt\": \"2025-12-17T09:59:09.345Z\",\n        \"updatedAt\": \"2025-12-17T09:59:09.345Z\",\n        \"auth_type_id\": \"0ec67c24-ef1d-43c6-9be3-1b369e99d1cd\",\n        \"role_id\": \"d22a0e84-2ff4-4f3a-9ae3-524251efe711\",\n        \"corporate_id\": \"ee21a17f-d221-4a90-b1db-c1eae874acfb\",\n        \"company_id\": \"0dab3b66-7cf1-4487-8987-4303147c032a\",\n        \"role\": {\n            \"id\": \"d22a0e84-2ff4-4f3a-9ae3-524251efe711\",\n            \"roleType\": \"IT\",\n            \"roleName\": \"ADMIN\",\n            \"description\": \"IT Administrator\",\n            \"createdAt\": \"2025-12-17T03:27:15.542Z\",\n            \"updatedAt\": \"2025-12-17T03:27:15.542Z\"\n        },\n        \"corporate\": {\n            \"id\": \"ee21a17f-d221-4a90-b1db-c1eae874acfb\",\n            \"corporateName\": \"XYZ Industries\",\n            \"groupName\": \"XYZ Global\",\n            \"zoneName\": \"West Zone\",\n            \"companyLevel\": \"Enterprise\",\n            \"isActive\": true,\n            \"createdAt\": \"2025-12-17T03:47:12.265Z\",\n            \"updatedAt\": \"2025-12-17T03:47:12.265Z\"\n        },\n        \"company\": {\n            \"id\": \"0dab3b66-7cf1-4487-8987-4303147c032a\",\n            \"companyName\": \"XYZ Infra Solutions\",\n            \"corporateId\": \"ee21a17f-d221-4a90-b1db-c1eae874acfb\",\n            \"isActive\": true,\n            \"createdAt\": \"2025-12-17T09:17:16.017Z\",\n            \"updatedAt\": \"2025-12-17T09:17:16.017Z\"\n        },\n        \"authType\": {\n            \"id\": \"0ec67c24-ef1d-43c6-9be3-1b369e99d1cd\",\n            \"name\": \"ad\",\n            \"description\": \"Azure Directory login\",\n            \"createdAt\": \"2025-12-17T02:58:01.237Z\",\n            \"updatedAt\": \"2025-12-17T02:58:01.237Z\"\n        },\n        \"accessRights\": [\n            {\n                \"id\": \"15c5db8c-5562-45a9-9924-f6fa8b82d842\",\n                \"rightName\": \"Manage Users\",\n                \"description\": \"Access to Manage Users page\",\n                \"createdAt\": \"2025-12-17T03:30:22.731Z\",\n                \"updatedAt\": \"2025-12-17T03:30:22.731Z\",\n                \"UserAccessRight\": {\n                    \"id\": \"bff39abb-c552-4658-85a3-618d0c935c9a\",\n                    \"user_id\": \"182f0c61-e2a8-4004-ae83-e06415d04ab8\",\n                    \"access_right_id\": \"15c5db8c-5562-45a9-9924-f6fa8b82d842\",\n                    \"createdAt\": \"2025-12-17T09:59:09.356Z\",\n                    \"updatedAt\": \"2025-12-17T09:59:09.356Z\"\n                }\n            }\n        ]\n    },\n    {\n        \"id\": \"9b78c6d9-9ea4-488b-aea7-e10ed70d05a5\",\n        \"fullName\": \"Jaya B\",\n        \"email\": \"jaya.b@locktonindia.com\",\n        \"phone\": \"9123453199\",\n        \"corporateId\": \"ee21a17f-d221-4a90-b1db-c1eae874acfb\",\n        \"companyId\": \"0dab3b66-7cf1-4487-8987-4303147c032a\",\n        \"endDate\": \"2026-10-01T00:00:00.000Z\",\n        \"relationshipManager\": \"Jaideep Deshpande\",\n        \"claimsManager\": \"Mukul Bhatia\",\n        \"roleId\": \"d22a0e84-2ff4-4f3a-9ae3-524251efe711\",\n        \"authTypeId\": \"0ec67c24-ef1d-43c6-9be3-1b369e99d1cd\",\n        \"userType\": \"INTERNAL\",\n        \"isActive\": true,\n        \"deleted\": false,\n        \"createdAt\": \"2025-12-17T10:04:25.822Z\",\n        \"updatedAt\": \"2025-12-17T10:04:25.822Z\",\n        \"auth_type_id\": \"0ec67c24-ef1d-43c6-9be3-1b369e99d1cd\",\n        \"role_id\": \"d22a0e84-2ff4-4f3a-9ae3-524251efe711\",\n        \"corporate_id\": \"ee21a17f-d221-4a90-b1db-c1eae874acfb\",\n        \"company_id\": \"0dab3b66-7cf1-4487-8987-4303147c032a\",\n        \"role\": {\n            \"id\": \"d22a0e84-2ff4-4f3a-9ae3-524251efe711\",\n            \"roleType\": \"IT\",\n            \"roleName\": \"ADMIN\",\n            \"description\": \"IT Administrator\",\n            \"createdAt\": \"2025-12-17T03:27:15.542Z\",\n            \"updatedAt\": \"2025-12-17T03:27:15.542Z\"\n        },\n        \"corporate\": {\n            \"id\": \"ee21a17f-d221-4a90-b1db-c1eae874acfb\",\n            \"corporateName\": \"XYZ Industries\",\n            \"groupName\": \"XYZ Global\",\n            \"zoneName\": \"West Zone\",\n            \"companyLevel\": \"Enterprise\",\n            \"isActive\": true,\n            \"createdAt\": \"2025-12-17T03:47:12.265Z\",\n            \"updatedAt\": \"2025-12-17T03:47:12.265Z\"\n        },\n        \"company\": {\n            \"id\": \"0dab3b66-7cf1-4487-8987-4303147c032a\",\n            \"companyName\": \"XYZ Infra Solutions\",\n            \"corporateId\": \"ee21a17f-d221-4a90-b1db-c1eae874acfb\",\n            \"isActive\": true,\n            \"createdAt\": \"2025-12-17T09:17:16.017Z\",\n            \"updatedAt\": \"2025-12-17T09:17:16.017Z\"\n        },\n        \"authType\": {\n            \"id\": \"0ec67c24-ef1d-43c6-9be3-1b369e99d1cd\",\n            \"name\": \"ad\",\n            \"description\": \"Azure Directory login\",\n            \"createdAt\": \"2025-12-17T02:58:01.237Z\",\n            \"updatedAt\": \"2025-12-17T02:58:01.237Z\"\n        },\n        \"accessRights\": [\n            {\n                \"id\": \"15c5db8c-5562-45a9-9924-f6fa8b82d842\",\n                \"rightName\": \"Manage Users\",\n                \"description\": \"Access to Manage Users page\",\n                \"createdAt\": \"2025-12-17T03:30:22.731Z\",\n                \"updatedAt\": \"2025-12-17T03:30:22.731Z\",\n                \"UserAccessRight\": {\n                    \"id\": \"bdb7bf2b-7bc3-4bcb-b9cf-07abb35a22b4\",\n                    \"user_id\": \"9b78c6d9-9ea4-488b-aea7-e10ed70d05a5\",\n                    \"access_right_id\": \"15c5db8c-5562-45a9-9924-f6fa8b82d842\",\n                    \"createdAt\": \"2025-12-17T10:04:25.873Z\",\n                    \"updatedAt\": \"2025-12-17T10:04:25.873Z\"\n                }\n            }\n        ]\n    },\n    {\n        \"id\": \"a0f93199-d745-40d3-b4d6-dea8a01b8f6b\",\n        \"fullName\": \"Jaya Boppa\",\n        \"email\": \"jaya.l@gmail.com\",\n        \"phone\": \"9113423199\",\n        \"corporateId\": \"ee21a17f-d221-4a90-b1db-c1eae874acfb\",\n        \"companyId\": \"0dab3b66-7cf1-4487-8987-4303147c032a\",\n        \"endDate\": \"2026-10-01T00:00:00.000Z\",\n        \"relationshipManager\": \"Jaideep Deshpande\",\n        \"claimsManager\": \"Mukul Bhatia\",\n        \"roleId\": \"d22a0e84-2ff4-4f3a-9ae3-524251efe711\",\n        \"authTypeId\": \"0ec67c24-ef1d-43c6-9be3-1b369e99d1cd\",\n        \"userType\": \"EXTERNAL\",\n        \"isActive\": true,\n        \"deleted\": false,\n        \"createdAt\": \"2025-12-18T10:13:51.582Z\",\n        \"updatedAt\": \"2025-12-18T10:13:51.582Z\",\n        \"auth_type_id\": \"0ec67c24-ef1d-43c6-9be3-1b369e99d1cd\",\n        \"role_id\": \"d22a0e84-2ff4-4f3a-9ae3-524251efe711\",\n        \"corporate_id\": \"ee21a17f-d221-4a90-b1db-c1eae874acfb\",\n        \"company_id\": \"0dab3b66-7cf1-4487-8987-4303147c032a\",\n        \"role\": {\n            \"id\": \"d22a0e84-2ff4-4f3a-9ae3-524251efe711\",\n            \"roleType\": \"IT\",\n            \"roleName\": \"ADMIN\",\n            \"description\": \"IT Administrator\",\n            \"createdAt\": \"2025-12-17T03:27:15.542Z\",\n            \"updatedAt\": \"2025-12-17T03:27:15.542Z\"\n        },\n        \"corporate\": {\n            \"id\": \"ee21a17f-d221-4a90-b1db-c1eae874acfb\",\n            \"corporateName\": \"XYZ Industries\",\n            \"groupName\": \"XYZ Global\",\n            \"zoneName\": \"West Zone\",\n            \"companyLevel\": \"Enterprise\",\n            \"isActive\": true,\n            \"createdAt\": \"2025-12-17T03:47:12.265Z\",\n            \"updatedAt\": \"2025-12-17T03:47:12.265Z\"\n        },\n        \"company\": {\n            \"id\": \"0dab3b66-7cf1-4487-8987-4303147c032a\",\n            \"companyName\": \"XYZ Infra Solutions\",\n            \"corporateId\": \"ee21a17f-d221-4a90-b1db-c1eae874acfb\",\n            \"isActive\": true,\n            \"createdAt\": \"2025-12-17T09:17:16.017Z\",\n            \"updatedAt\": \"2025-12-17T09:17:16.017Z\"\n        },\n        \"authType\": {\n            \"id\": \"0ec67c24-ef1d-43c6-9be3-1b369e99d1cd\",\n            \"name\": \"ad\",\n            \"description\": \"Azure Directory login\",\n            \"createdAt\": \"2025-12-17T02:58:01.237Z\",\n            \"updatedAt\": \"2025-12-17T02:58:01.237Z\"\n        },\n        \"accessRights\": [\n            {\n                \"id\": \"15c5db8c-5562-45a9-9924-f6fa8b82d842\",\n                \"rightName\": \"Manage Users\",\n                \"description\": \"Access to Manage Users page\",\n                \"createdAt\": \"2025-12-17T03:30:22.731Z\",\n                \"updatedAt\": \"2025-12-17T03:30:22.731Z\",\n                \"UserAccessRight\": {\n                    \"id\": \"f9f26c71-e75b-43ec-a5a8-16e2dd937021\",\n                    \"user_id\": \"a0f93199-d745-40d3-b4d6-dea8a01b8f6b\",\n                    \"access_right_id\": \"15c5db8c-5562-45a9-9924-f6fa8b82d842\",\n                    \"createdAt\": \"2025-12-18T10:13:51.607Z\",\n                    \"updatedAt\": \"2025-12-18T10:13:51.607Z\"\n                }\n            }\n        ]\n    },\n    {\n        \"id\": \"f589f1b1-0e38-49f7-bd67-860a894687d6\",\n        \"fullName\": \"Jaya Boppa\",\n        \"email\": \"jaya.lb@gmail.com\",\n        \"phone\": \"9113423109\",\n        \"corporateId\": \"ee21a17f-d221-4a90-b1db-c1eae874acfb\",\n        \"companyId\": \"0dab3b66-7cf1-4487-8987-4303147c032a\",\n        \"endDate\": \"2026-10-01T00:00:00.000Z\",\n        \"relationshipManager\": \"Jaideep Deshpande\",\n        \"claimsManager\": \"Mukul Bhatia\",\n        \"roleId\": \"d22a0e84-2ff4-4f3a-9ae3-524251efe711\",\n        \"authTypeId\": \"0ec67c24-ef1d-43c6-9be3-1b369e99d1cd\",\n        \"userType\": \"EXTERNAL\",\n        \"isActive\": true,\n        \"deleted\": false,\n        \"createdAt\": \"2025-12-22T07:32:42.810Z\",\n        \"updatedAt\": \"2025-12-22T07:32:42.810Z\",\n        \"auth_type_id\": \"0ec67c24-ef1d-43c6-9be3-1b369e99d1cd\",\n        \"role_id\": \"d22a0e84-2ff4-4f3a-9ae3-524251efe711\",\n        \"corporate_id\": \"ee21a17f-d221-4a90-b1db-c1eae874acfb\",\n        \"company_id\": \"0dab3b66-7cf1-4487-8987-4303147c032a\",\n        \"role\": {\n            \"id\": \"d22a0e84-2ff4-4f3a-9ae3-524251efe711\",\n            \"roleType\": \"IT\",\n            \"roleName\": \"ADMIN\",\n            \"description\": \"IT Administrator\",\n            \"createdAt\": \"2025-12-17T03:27:15.542Z\",\n            \"updatedAt\": \"2025-12-17T03:27:15.542Z\"\n        },\n        \"corporate\": {\n            \"id\": \"ee21a17f-d221-4a90-b1db-c1eae874acfb\",\n            \"corporateName\": \"XYZ Industries\",\n            \"groupName\": \"XYZ Global\",\n            \"zoneName\": \"West Zone\",\n            \"companyLevel\": \"Enterprise\",\n            \"isActive\": true,\n            \"createdAt\": \"2025-12-17T03:47:12.265Z\",\n            \"updatedAt\": \"2025-12-17T03:47:12.265Z\"\n        },\n        \"company\": {\n            \"id\": \"0dab3b66-7cf1-4487-8987-4303147c032a\",\n            \"companyName\": \"XYZ Infra Solutions\",\n            \"corporateId\": \"ee21a17f-d221-4a90-b1db-c1eae874acfb\",\n            \"isActive\": true,\n            \"createdAt\": \"2025-12-17T09:17:16.017Z\",\n            \"updatedAt\": \"2025-12-17T09:17:16.017Z\"\n        },\n        \"authType\": {\n            \"id\": \"0ec67c24-ef1d-43c6-9be3-1b369e99d1cd\",\n            \"name\": \"ad\",\n            \"description\": \"Azure Directory login\",\n            \"createdAt\": \"2025-12-17T02:58:01.237Z\",\n            \"updatedAt\": \"2025-12-17T02:58:01.237Z\"\n        },\n        \"accessRights\": [\n            {\n                \"id\": \"15c5db8c-5562-45a9-9924-f6fa8b82d842\",\n                \"rightName\": \"Manage Users\",\n                \"description\": \"Access to Manage Users page\",\n                \"createdAt\": \"2025-12-17T03:30:22.731Z\",\n                \"updatedAt\": \"2025-12-17T03:30:22.731Z\",\n                \"UserAccessRight\": {\n                    \"id\": \"2303a79d-5e31-4911-b593-8485d601c729\",\n                    \"user_id\": \"f589f1b1-0e38-49f7-bd67-860a894687d6\",\n                    \"access_right_id\": \"15c5db8c-5562-45a9-9924-f6fa8b82d842\",\n                    \"createdAt\": \"2025-12-22T07:32:42.834Z\",\n                    \"updatedAt\": \"2025-12-22T07:32:42.834Z\"\n                }\n            }\n        ]\n    },\n    {\n        \"id\": \"ecea3c1c-0aeb-46c8-98ae-77dd8ed5a3fa\",\n        \"fullName\": \"Jaya Boppa\",\n        \"email\": \"nirmala.yadav@locktton.com\",\n        \"phone\": \"9113423009\",\n        \"corporateId\": \"ee21a17f-d221-4a90-b1db-c1eae874acfb\",\n        \"companyId\": \"0dab3b66-7cf1-4487-8987-4303147c032a\",\n        \"endDate\": \"2026-10-01T00:00:00.000Z\",\n        \"relationshipManager\": \"Jaideep Deshpande\",\n        \"claimsManager\": \"Mukul Bhatia\",\n        \"roleId\": \"d22a0e84-2ff4-4f3a-9ae3-524251efe711\",\n        \"authTypeId\": \"0ec67c24-ef1d-43c6-9be3-1b369e99d1cd\",\n        \"userType\": \"EXTERNAL\",\n        \"isActive\": true,\n        \"deleted\": false,\n        \"createdAt\": \"2025-12-23T16:44:51.479Z\",\n        \"updatedAt\": \"2025-12-23T16:46:22.364Z\",\n        \"auth_type_id\": \"0ec67c24-ef1d-43c6-9be3-1b369e99d1cd\",\n        \"role_id\": \"d22a0e84-2ff4-4f3a-9ae3-524251efe711\",\n        \"corporate_id\": \"ee21a17f-d221-4a90-b1db-c1eae874acfb\",\n        \"company_id\": \"0dab3b66-7cf1-4487-8987-4303147c032a\",\n        \"role\": {\n            \"id\": \"d22a0e84-2ff4-4f3a-9ae3-524251efe711\",\n            \"roleType\": \"IT\",\n            \"roleName\": \"ADMIN\",\n            \"description\": \"IT Administrator\",\n            \"createdAt\": \"2025-12-17T03:27:15.542Z\",\n            \"updatedAt\": \"2025-12-17T03:27:15.542Z\"\n        },\n        \"corporate\": {\n            \"id\": \"ee21a17f-d221-4a90-b1db-c1eae874acfb\",\n            \"corporateName\": \"XYZ Industries\",\n            \"groupName\": \"XYZ Global\",\n            \"zoneName\": \"West Zone\",\n            \"companyLevel\": \"Enterprise\",\n            \"isActive\": true,\n            \"createdAt\": \"2025-12-17T03:47:12.265Z\",\n            \"updatedAt\": \"2025-12-17T03:47:12.265Z\"\n        },\n        \"company\": {\n            \"id\": \"0dab3b66-7cf1-4487-8987-4303147c032a\",\n            \"companyName\": \"XYZ Infra Solutions\",\n            \"corporateId\": \"ee21a17f-d221-4a90-b1db-c1eae874acfb\",\n            \"isActive\": true,\n            \"createdAt\": \"2025-12-17T09:17:16.017Z\",\n            \"updatedAt\": \"2025-12-17T09:17:16.017Z\"\n        },\n        \"authType\": {\n            \"id\": \"0ec67c24-ef1d-43c6-9be3-1b369e99d1cd\",\n            \"name\": \"ad\",\n            \"description\": \"Azure Directory login\",\n            \"createdAt\": \"2025-12-17T02:58:01.237Z\",\n            \"updatedAt\": \"2025-12-17T02:58:01.237Z\"\n        },\n        \"accessRights\": [\n            {\n                \"id\": \"15c5db8c-5562-45a9-9924-f6fa8b82d842\",\n                \"rightName\": \"Manage Users\",\n                \"description\": \"Access to Manage Users page\",\n                \"createdAt\": \"2025-12-17T03:30:22.731Z\",\n                \"updatedAt\": \"2025-12-17T03:30:22.731Z\",\n                \"UserAccessRight\": {\n                    \"id\": \"b4a5f77c-62db-423b-b13b-c9ede7d65405\",\n                    \"user_id\": \"ecea3c1c-0aeb-46c8-98ae-77dd8ed5a3fa\",\n                    \"access_right_id\": \"15c5db8c-5562-45a9-9924-f6fa8b82d842\",\n                    \"createdAt\": \"2025-12-23T16:44:51.591Z\",\n                    \"updatedAt\": \"2025-12-23T16:44:51.591Z\"\n                }\n            }\n        ]\n    },\n    {\n        \"id\": \"1f4bab26-1004-45b6-81a7-03c1348d5ba5\",\n        \"fullName\": \"Amrutha K\",\n        \"email\": \"amrutha.k@locktton.com\",\n        \"phone\": \"9113523009\",\n        \"corporateId\": \"ee21a17f-d221-4a90-b1db-c1eae874acfb\",\n        \"companyId\": \"0dab3b66-7cf1-4487-8987-4303147c032a\",\n        \"endDate\": \"2026-10-01T00:00:00.000Z\",\n        \"relationshipManager\": \"Jaideep Deshpande\",\n        \"claimsManager\": \"Mukul Bhatia\",\n        \"roleId\": \"d22a0e84-2ff4-4f3a-9ae3-524251efe711\",\n        \"authTypeId\": \"0ec67c24-ef1d-43c6-9be3-1b369e99d1cd\",\n        \"userType\": \"EXTERNAL\",\n        \"isActive\": true,\n        \"deleted\": false,\n        \"createdAt\": \"2025-12-23T17:05:27.563Z\",\n        \"updatedAt\": \"2025-12-23T17:05:27.563Z\",\n        \"auth_type_id\": \"0ec67c24-ef1d-43c6-9be3-1b369e99d1cd\",\n        \"role_id\": \"d22a0e84-2ff4-4f3a-9ae3-524251efe711\",\n        \"corporate_id\": \"ee21a17f-d221-4a90-b1db-c1eae874acfb\",\n        \"company_id\": \"0dab3b66-7cf1-4487-8987-4303147c032a\",\n        \"role\": {\n            \"id\": \"d22a0e84-2ff4-4f3a-9ae3-524251efe711\",\n            \"roleType\": \"IT\",\n            \"roleName\": \"ADMIN\",\n            \"description\": \"IT Administrator\",\n            \"createdAt\": \"2025-12-17T03:27:15.542Z\",\n            \"updatedAt\": \"2025-12-17T03:27:15.542Z\"\n        },\n        \"corporate\": {\n            \"id\": \"ee21a17f-d221-4a90-b1db-c1eae874acfb\",\n            \"corporateName\": \"XYZ Industries\",\n            \"groupName\": \"XYZ Global\",\n            \"zoneName\": \"West Zone\",\n            \"companyLevel\": \"Enterprise\",\n            \"isActive\": true,\n            \"createdAt\": \"2025-12-17T03:47:12.265Z\",\n            \"updatedAt\": \"2025-12-17T03:47:12.265Z\"\n        },\n        \"company\": {\n            \"id\": \"0dab3b66-7cf1-4487-8987-4303147c032a\",\n            \"companyName\": \"XYZ Infra Solutions\",\n            \"corporateId\": \"ee21a17f-d221-4a90-b1db-c1eae874acfb\",\n            \"isActive\": true,\n            \"createdAt\": \"2025-12-17T09:17:16.017Z\",\n            \"updatedAt\": \"2025-12-17T09:17:16.017Z\"\n        },\n        \"authType\": {\n            \"id\": \"0ec67c24-ef1d-43c6-9be3-1b369e99d1cd\",\n            \"name\": \"ad\",\n            \"description\": \"Azure Directory login\",\n            \"createdAt\": \"2025-12-17T02:58:01.237Z\",\n            \"updatedAt\": \"2025-12-17T02:58:01.237Z\"\n        },\n        \"accessRights\": [\n            {\n                \"id\": \"15c5db8c-5562-45a9-9924-f6fa8b82d842\",\n                \"rightName\": \"Manage Users\",\n                \"description\": \"Access to Manage Users page\",\n                \"createdAt\": \"2025-12-17T03:30:22.731Z\",\n                \"updatedAt\": \"2025-12-17T03:30:22.731Z\",\n                \"UserAccessRight\": {\n                    \"id\": \"d93dbf2e-8a66-4468-8e82-78a96bc6beda\",\n                    \"user_id\": \"1f4bab26-1004-45b6-81a7-03c1348d5ba5\",\n                    \"access_right_id\": \"15c5db8c-5562-45a9-9924-f6fa8b82d842\",\n                    \"createdAt\": \"2025-12-23T17:05:27.625Z\",\n                    \"updatedAt\": \"2025-12-23T17:05:27.625Z\"\n                }\n            }\n        ]\n    },\n    {\n        \"id\": \"f20341ad-14d0-435f-994d-58a6234e4c1b\",\n        \"fullName\": \"Nirmala Yadav\",\n        \"email\": \"Nirmala.yadav@lockton.com\",\n        \"phone\": \"9113523809\",\n        \"corporateId\": \"ee21a17f-d221-4a90-b1db-c1eae874acfb\",\n        \"companyId\": \"0dab3b66-7cf1-4487-8987-4303147c032a\",\n        \"endDate\": \"2026-10-01T00:00:00.000Z\",\n        \"relationshipManager\": \"Jaideep Deshpande\",\n        \"claimsManager\": \"Mukul Bhatia\",\n        \"roleId\": \"d22a0e84-2ff4-4f3a-9ae3-524251efe711\",\n        \"authTypeId\": \"0ec67c24-ef1d-43c6-9be3-1b369e99d1cd\",\n        \"userType\": \"INTERNAL\",\n        \"isActive\": true,\n        \"deleted\": false,\n        \"createdAt\": \"2025-12-30T09:52:40.503Z\",\n        \"updatedAt\": \"2025-12-30T09:52:40.503Z\",\n        \"auth_type_id\": \"0ec67c24-ef1d-43c6-9be3-1b369e99d1cd\",\n        \"role_id\": \"d22a0e84-2ff4-4f3a-9ae3-524251efe711\",\n        \"corporate_id\": \"ee21a17f-d221-4a90-b1db-c1eae874acfb\",\n        \"company_id\": \"0dab3b66-7cf1-4487-8987-4303147c032a\",\n        \"role\": {\n            \"id\": \"d22a0e84-2ff4-4f3a-9ae3-524251efe711\",\n            \"roleType\": \"IT\",\n            \"roleName\": \"ADMIN\",\n            \"description\": \"IT Administrator\",\n            \"createdAt\": \"2025-12-17T03:27:15.542Z\",\n            \"updatedAt\": \"2025-12-17T03:27:15.542Z\"\n        },\n        \"corporate\": {\n            \"id\": \"ee21a17f-d221-4a90-b1db-c1eae874acfb\",\n            \"corporateName\": \"XYZ Industries\",\n            \"groupName\": \"XYZ Global\",\n            \"zoneName\": \"West Zone\",\n            \"companyLevel\": \"Enterprise\",\n            \"isActive\": true,\n            \"createdAt\": \"2025-12-17T03:47:12.265Z\",\n            \"updatedAt\": \"2025-12-17T03:47:12.265Z\"\n        },\n        \"company\": {\n            \"id\": \"0dab3b66-7cf1-4487-8987-4303147c032a\",\n            \"companyName\": \"XYZ Infra Solutions\",\n            \"corporateId\": \"ee21a17f-d221-4a90-b1db-c1eae874acfb\",\n            \"isActive\": true,\n            \"createdAt\": \"2025-12-17T09:17:16.017Z\",\n            \"updatedAt\": \"2025-12-17T09:17:16.017Z\"\n        },\n        \"authType\": {\n            \"id\": \"0ec67c24-ef1d-43c6-9be3-1b369e99d1cd\",\n            \"name\": \"ad\",\n            \"description\": \"Azure Directory login\",\n            \"createdAt\": \"2025-12-17T02:58:01.237Z\",\n            \"updatedAt\": \"2025-12-17T02:58:01.237Z\"\n        },\n        \"accessRights\": [\n            {\n                \"id\": \"15c5db8c-5562-45a9-9924-f6fa8b82d842\",\n                \"rightName\": \"Manage Users\",\n                \"description\": \"Access to Manage Users page\",\n                \"createdAt\": \"2025-12-17T03:30:22.731Z\",\n                \"updatedAt\": \"2025-12-17T03:30:22.731Z\",\n                \"UserAccessRight\": {\n                    \"id\": \"835242e2-3adf-4000-b445-a5b4903d8c2f\",\n                    \"user_id\": \"f20341ad-14d0-435f-994d-58a6234e4c1b\",\n                    \"access_right_id\": \"15c5db8c-5562-45a9-9924-f6fa8b82d842\",\n                    \"createdAt\": \"2025-12-30T09:52:40.580Z\",\n                    \"updatedAt\": \"2025-12-30T09:52:40.580Z\"\n                }\n            }\n        ]\n    },\n    {\n        \"id\": \"3e9a404a-9c55-481e-a9ab-5e3a7b449abc\",\n        \"fullName\": \"Jaya B\",\n        \"email\": \"jaya.b@gmail.com\",\n        \"phone\": \"9113453199\",\n        \"corporateId\": \"ee21a17f-d221-4a90-b1db-c1eae874acfb\",\n        \"companyId\": \"0dab3b66-7cf1-4487-8987-4303147c032a\",\n        \"endDate\": \"2026-10-01T00:00:00.000Z\",\n        \"relationshipManager\": \"Jaideep Deshpande\",\n        \"claimsManager\": \"Mukul Bhatia\",\n        \"roleId\": \"d22a0e84-2ff4-4f3a-9ae3-524251efe711\",\n        \"authTypeId\": \"0ec67c24-ef1d-43c6-9be3-1b369e99d1cd\",\n        \"userType\": \"EXTERNAL\",\n        \"isActive\": true,\n        \"deleted\": false,\n        \"createdAt\": \"2025-12-18T10:11:22.533Z\",\n        \"updatedAt\": \"2025-12-18T10:11:22.533Z\",\n        \"auth_type_id\": \"0ec67c24-ef1d-43c6-9be3-1b369e99d1cd\",\n        \"role_id\": \"d22a0e84-2ff4-4f3a-9ae3-524251efe711\",\n        \"corporate_id\": \"ee21a17f-d221-4a90-b1db-c1eae874acfb\",\n        \"company_id\": \"0dab3b66-7cf1-4487-8987-4303147c032a\",\n        \"role\": {\n            \"id\": \"d22a0e84-2ff4-4f3a-9ae3-524251efe711\",\n            \"roleType\": \"IT\",\n            \"roleName\": \"ADMIN\",\n            \"description\": \"IT Administrator\",\n            \"createdAt\": \"2025-12-17T03:27:15.542Z\",\n            \"updatedAt\": \"2025-12-17T03:27:15.542Z\"\n        },\n        \"corporate\": {\n            \"id\": \"ee21a17f-d221-4a90-b1db-c1eae874acfb\",\n            \"corporateName\": \"XYZ Industries\",\n            \"groupName\": \"XYZ Global\",\n            \"zoneName\": \"West Zone\",\n            \"companyLevel\": \"Enterprise\",\n            \"isActive\": true,\n            \"createdAt\": \"2025-12-17T03:47:12.265Z\",\n            \"updatedAt\": \"2025-12-17T03:47:12.265Z\"\n        },\n        \"company\": {\n            \"id\": \"0dab3b66-7cf1-4487-8987-4303147c032a\",\n            \"companyName\": \"XYZ Infra Solutions\",\n            \"corporateId\": \"ee21a17f-d221-4a90-b1db-c1eae874acfb\",\n            \"isActive\": true,\n            \"createdAt\": \"2025-12-17T09:17:16.017Z\",\n            \"updatedAt\": \"2025-12-17T09:17:16.017Z\"\n        },\n        \"authType\": {\n            \"id\": \"0ec67c24-ef1d-43c6-9be3-1b369e99d1cd\",\n            \"name\": \"ad\",\n            \"description\": \"Azure Directory login\",\n            \"createdAt\": \"2025-12-17T02:58:01.237Z\",\n            \"updatedAt\": \"2025-12-17T02:58:01.237Z\"\n        },\n        \"accessRights\": []\n    },\n    {\n        \"id\": \"8207cff0-8624-4514-b785-169cf080dbeb\",\n        \"fullName\": \"Jaya Boppa\",\n        \"email\": \"jaya.bp@gmail.com\",\n        \"phone\": \"9113443199\",\n        \"corporateId\": \"ee21a17f-d221-4a90-b1db-c1eae874acfb\",\n        \"companyId\": \"0dab3b66-7cf1-4487-8987-4303147c032a\",\n        \"endDate\": \"2026-10-01T00:00:00.000Z\",\n        \"relationshipManager\": \"Jaideep Deshpande\",\n        \"claimsManager\": \"Mukul Bhatia\",\n        \"roleId\": \"d22a0e84-2ff4-4f3a-9ae3-524251efe711\",\n        \"authTypeId\": \"0ec67c24-ef1d-43c6-9be3-1b369e99d1cd\",\n        \"userType\": \"EXTERNAL\",\n        \"isActive\": true,\n        \"deleted\": false,\n        \"createdAt\": \"2025-12-18T10:12:48.071Z\",\n        \"updatedAt\": \"2025-12-18T10:12:48.071Z\",\n        \"auth_type_id\": \"0ec67c24-ef1d-43c6-9be3-1b369e99d1cd\",\n        \"role_id\": \"d22a0e84-2ff4-4f3a-9ae3-524251efe711\",\n        \"corporate_id\": \"ee21a17f-d221-4a90-b1db-c1eae874acfb\",\n        \"company_id\": \"0dab3b66-7cf1-4487-8987-4303147c032a\",\n        \"role\": {\n            \"id\": \"d22a0e84-2ff4-4f3a-9ae3-524251efe711\",\n            \"roleType\": \"IT\",\n            \"roleName\": \"ADMIN\",\n            \"description\": \"IT Administrator\",\n            \"createdAt\": \"2025-12-17T03:27:15.542Z\",\n            \"updatedAt\": \"2025-12-17T03:27:15.542Z\"\n        },\n        \"corporate\": {\n            \"id\": \"ee21a17f-d221-4a90-b1db-c1eae874acfb\",\n            \"corporateName\": \"XYZ Industries\",\n            \"groupName\": \"XYZ Global\",\n            \"zoneName\": \"West Zone\",\n            \"companyLevel\": \"Enterprise\",\n            \"isActive\": true,\n            \"createdAt\": \"2025-12-17T03:47:12.265Z\",\n            \"updatedAt\": \"2025-12-17T03:47:12.265Z\"\n        },\n        \"company\": {\n            \"id\": \"0dab3b66-7cf1-4487-8987-4303147c032a\",\n            \"companyName\": \"XYZ Infra Solutions\",\n            \"corporateId\": \"ee21a17f-d221-4a90-b1db-c1eae874acfb\",\n            \"isActive\": true,\n            \"createdAt\": \"2025-12-17T09:17:16.017Z\",\n            \"updatedAt\": \"2025-12-17T09:17:16.017Z\"\n        },\n        \"authType\": {\n            \"id\": \"0ec67c24-ef1d-43c6-9be3-1b369e99d1cd\",\n            \"name\": \"ad\",\n            \"description\": \"Azure Directory login\",\n            \"createdAt\": \"2025-12-17T02:58:01.237Z\",\n            \"updatedAt\": \"2025-12-17T02:58:01.237Z\"\n        },\n        \"accessRights\": []\n    }\n]"
				}
			]
		},
		{
			"name": "Get Single User",
			"request": {
				"method": "GET",
				"header": [],
				"url": {
					"raw": "{{url}}/api/users/09c5b855-f95d-49c0-87ab-48af113cc667",
					"host": [
						"{{url}}"
					],
					"path": [
						"api",
						"users",
						"09c5b855-f95d-49c0-87ab-48af113cc667"
					]
				}
			},
			"response": [
				{
					"name": "Get Single User",
					"originalRequest": {
						"method": "GET",
						"header": [],
						"url": {
							"raw": "{{url}}/api/users/09c5b855-f95d-49c0-87ab-48af113cc667",
							"host": [
								"{{url}}"
							],
							"path": [
								"api",
								"users",
								"09c5b855-f95d-49c0-87ab-48af113cc667"
							]
						}
					},
					"status": "OK",
					"code": 200,
					"_postman_previewlanguage": "json",
					"header": [
						{
							"key": "X-Powered-By",
							"value": "Express"
						},
						{
							"key": "Content-Type",
							"value": "application/json; charset=utf-8"
						},
						{
							"key": "Content-Length",
							"value": "2564"
						},
						{
							"key": "ETag",
							"value": "W/\"a04-RVM+Q7Wd+LWldV5TItXFMhdpido\""
						},
						{
							"key": "Date",
							"value": "Mon, 05 Jan 2026 07:59:20 GMT"
						},
						{
							"key": "Connection",
							"value": "keep-alive"
						},
						{
							"key": "Keep-Alive",
							"value": "timeout=5"
						}
					],
					"cookie": [],
					"body": "{\n    \"user\": {\n        \"id\": \"09c5b855-f95d-49c0-87ab-48af113cc667\",\n        \"fullName\": \"Ramesh K\",\n        \"email\": \"ramesh@locktonindia.com\",\n        \"phone\": \"9876543010\",\n        \"corporateId\": \"ce7e4d8d-069f-4314-b67f-10effbbec8f6\",\n        \"companyId\": \"e5ff13bb-21e5-4b15-9e3e-3f82481c80c1\",\n        \"endDate\": \"2026-12-31T00:00:00.000Z\",\n        \"relationshipManager\": \"Jaideep Deshpande\",\n        \"claimsManager\": \"Mukul Bhatia\",\n        \"roleId\": \"3083557b-522b-4423-ab86-55b925ad8609\",\n        \"authTypeId\": \"0ec67c24-ef1d-43c6-9be3-1b369e99d1cd\",\n        \"userType\": \"INTERNAL\",\n        \"isActive\": false,\n        \"deleted\": false,\n        \"createdAt\": \"2025-12-17T04:31:50.275Z\",\n        \"updatedAt\": \"2025-12-17T10:16:43.216Z\",\n        \"auth_type_id\": \"0ec67c24-ef1d-43c6-9be3-1b369e99d1cd\",\n        \"role_id\": \"3083557b-522b-4423-ab86-55b925ad8609\",\n        \"corporate_id\": \"ce7e4d8d-069f-4314-b67f-10effbbec8f6\",\n        \"company_id\": \"e5ff13bb-21e5-4b15-9e3e-3f82481c80c1\",\n        \"role\": {\n            \"id\": \"3083557b-522b-4423-ab86-55b925ad8609\",\n            \"roleType\": \"BUSINESS\",\n            \"roleName\": \"RM\",\n            \"description\": \"Relationship Manager\",\n            \"createdAt\": \"2025-12-17T03:27:15.542Z\",\n            \"updatedAt\": \"2025-12-17T03:27:15.542Z\"\n        },\n        \"corporate\": {\n            \"id\": \"ce7e4d8d-069f-4314-b67f-10effbbec8f6\",\n            \"corporateName\": \"ABC Group\",\n            \"groupName\": \"ABC Holdings\",\n            \"zoneName\": \"South Zone\",\n            \"companyLevel\": \"Group\",\n            \"isActive\": true,\n            \"createdAt\": \"2025-12-17T03:47:12.265Z\",\n            \"updatedAt\": \"2025-12-17T03:47:12.265Z\"\n        },\n        \"company\": {\n            \"id\": \"e5ff13bb-21e5-4b15-9e3e-3f82481c80c1\",\n            \"companyName\": \"ABC Manufacturing Pvt Ltd\",\n            \"corporateId\": \"ce7e4d8d-069f-4314-b67f-10effbbec8f6\",\n            \"isActive\": true,\n            \"createdAt\": \"2025-12-17T09:17:16.017Z\",\n            \"updatedAt\": \"2025-12-17T09:17:16.017Z\"\n        },\n        \"authType\": {\n            \"id\": \"0ec67c24-ef1d-43c6-9be3-1b369e99d1cd\",\n            \"name\": \"ad\",\n            \"description\": \"Azure Directory login\",\n            \"createdAt\": \"2025-12-17T02:58:01.237Z\",\n            \"updatedAt\": \"2025-12-17T02:58:01.237Z\"\n        },\n        \"accessRights\": [\n            {\n                \"id\": \"4bffe94f-88de-4305-92b0-8bc5eebbc864\",\n                \"rightName\": \"Policies\",\n                \"description\": \"Access to policies module\",\n                \"createdAt\": \"2025-12-17T03:30:22.731Z\",\n                \"updatedAt\": \"2025-12-17T03:30:22.731Z\",\n                \"UserAccessRight\": {\n                    \"id\": \"e1c721bb-6793-4554-858c-a4200e78626f\",\n                    \"user_id\": \"09c5b855-f95d-49c0-87ab-48af113cc667\",\n                    \"access_right_id\": \"4bffe94f-88de-4305-92b0-8bc5eebbc864\",\n                    \"createdAt\": \"2025-12-17T04:31:50.296Z\",\n                    \"updatedAt\": \"2025-12-17T04:31:50.296Z\"\n                }\n            },\n            {\n                \"id\": \"76fd80fa-0c51-407b-8356-4514168f52b6\",\n                \"rightName\": \"Claims\",\n                \"description\": \"Access to claims module\",\n                \"createdAt\": \"2025-12-17T03:30:22.731Z\",\n                \"updatedAt\": \"2025-12-17T03:30:22.731Z\",\n                \"UserAccessRight\": {\n                    \"id\": \"6db3c35b-367a-4825-b483-f215f378f6ca\",\n                    \"user_id\": \"09c5b855-f95d-49c0-87ab-48af113cc667\",\n                    \"access_right_id\": \"76fd80fa-0c51-407b-8356-4514168f52b6\",\n                    \"createdAt\": \"2025-12-17T04:31:50.296Z\",\n                    \"updatedAt\": \"2025-12-17T04:31:50.296Z\"\n                }\n            }\n        ]\n    }\n}"
				}
			]
		},
		{
			"name": "Update User",
			"request": {
				"method": "PATCH",
				"header": [],
				"body": {
					"mode": "raw",
					"raw": "\r\n{\r\n \"fullName\": \"Jaya Boppa\",\r\n \"email\": \"nirmala.yadav@locktton.com\",\r\n \"phone\": \"9113423009\",\r\n \"corporateId\": \"ee21a17f-d221-4a90-b1db-c1eae874acfb\",\r\n \"companyId\": \"0dab3b66-7cf1-4487-8987-4303147c032a\",\r\n  \"relationshipManager\": \"Jaideep Deshpande\",\r\n        \"claimsManager\": \"Mukul Bhatia\",\r\n         \"roleId\": \"d22a0e84-2ff4-4f3a-9ae3-524251efe711\",\r\n \"authTypeId\": \"0ec67c24-ef1d-43c6-9be3-1b369e99d1cd\",\r\n \"userType\": \"INTERNAL\",\r\n  \"endDate\":\"2026-09-31\",\r\n \"accessRights\": [\r\n   \"15c5db8c-5562-45a9-9924-f6fa8b82d842\"\r\n ],\r\n \"isActive\": true,\r\n \"deleted\":false\r\n}",
					"options": {
						"raw": {
							"language": "json"
						}
					}
				},
				"url": {
					"raw": "{{url}}/api/users/ecea3c1c-0aeb-46c8-98ae-77dd8ed5a3fa",
					"host": [
						"{{url}}"
					],
					"path": [
						"api",
						"users",
						"ecea3c1c-0aeb-46c8-98ae-77dd8ed5a3fa"
					],
					"query": [
						{
							"key": "userId",
							"value": "09c5b855-f95d-49c0-87ab-48af113cc667",
							"disabled": true
						}
					]
				}
			},
			"response": [
				{
					"name": "Update User",
					"originalRequest": {
						"method": "PATCH",
						"header": [],
						"body": {
							"mode": "raw",
							"raw": "\r\n{\r\n \"fullName\": \"Jaya Boppa\",\r\n \"email\": \"nirmala.yadav@locktton.com\",\r\n \"phone\": \"9113423009\",\r\n \"corporateId\": \"ee21a17f-d221-4a90-b1db-c1eae874acfb\",\r\n \"companyId\": \"0dab3b66-7cf1-4487-8987-4303147c032a\",\r\n  \"relationshipManager\": \"Jaideep Deshpande\",\r\n        \"claimsManager\": \"Mukul Bhatia\",\r\n         \"roleId\": \"d22a0e84-2ff4-4f3a-9ae3-524251efe711\",\r\n \"authTypeId\": \"0ec67c24-ef1d-43c6-9be3-1b369e99d1cd\",\r\n \"userType\": \"INTERNAL\",\r\n  \"endDate\":\"2026-09-31\",\r\n \"accessRights\": [\r\n   \"15c5db8c-5562-45a9-9924-f6fa8b82d842\"\r\n ],\r\n \"isActive\": true,\r\n \"deleted\":false\r\n}",
							"options": {
								"raw": {
									"language": "json"
								}
							}
						},
						"url": {
							"raw": "{{url}}/api/users/ecea3c1c-0aeb-46c8-98ae-77dd8ed5a3fa",
							"host": [
								"{{url}}"
							],
							"path": [
								"api",
								"users",
								"ecea3c1c-0aeb-46c8-98ae-77dd8ed5a3fa"
							],
							"query": [
								{
									"key": "userId",
									"value": "09c5b855-f95d-49c0-87ab-48af113cc667",
									"disabled": true
								}
							]
						}
					},
					"status": "OK",
					"code": 200,
					"_postman_previewlanguage": "json",
					"header": [
						{
							"key": "X-Powered-By",
							"value": "Express"
						},
						{
							"key": "Content-Type",
							"value": "application/json; charset=utf-8"
						},
						{
							"key": "Content-Length",
							"value": "829"
						},
						{
							"key": "ETag",
							"value": "W/\"33d-87RlOUliSo/JvLe/IXLj8gDSfjU\""
						},
						{
							"key": "Date",
							"value": "Mon, 05 Jan 2026 07:59:29 GMT"
						},
						{
							"key": "Connection",
							"value": "keep-alive"
						},
						{
							"key": "Keep-Alive",
							"value": "timeout=5"
						}
					],
					"cookie": [],
					"body": "{\n    \"message\": \"User updated successfully\",\n    \"user\": {\n        \"id\": \"ecea3c1c-0aeb-46c8-98ae-77dd8ed5a3fa\",\n        \"fullName\": \"Jaya Boppa\",\n        \"email\": \"nirmala.yadav@locktton.com\",\n        \"phone\": \"9113423009\",\n        \"corporateId\": \"ee21a17f-d221-4a90-b1db-c1eae874acfb\",\n        \"companyId\": \"0dab3b66-7cf1-4487-8987-4303147c032a\",\n        \"endDate\": \"2026-10-01T00:00:00.000Z\",\n        \"relationshipManager\": \"Jaideep Deshpande\",\n        \"claimsManager\": \"Mukul Bhatia\",\n        \"roleId\": \"d22a0e84-2ff4-4f3a-9ae3-524251efe711\",\n        \"authTypeId\": \"0ec67c24-ef1d-43c6-9be3-1b369e99d1cd\",\n        \"userType\": \"EXTERNAL\",\n        \"isActive\": true,\n        \"deleted\": false,\n        \"createdAt\": \"2025-12-23T16:44:51.479Z\",\n        \"updatedAt\": \"2025-12-23T16:46:22.364Z\",\n        \"auth_type_id\": \"0ec67c24-ef1d-43c6-9be3-1b369e99d1cd\",\n        \"role_id\": \"d22a0e84-2ff4-4f3a-9ae3-524251efe711\",\n        \"corporate_id\": \"ee21a17f-d221-4a90-b1db-c1eae874acfb\",\n        \"company_id\": \"0dab3b66-7cf1-4487-8987-4303147c032a\"\n    }\n}"
				}
			]
		},
		{
			"name": "Delete User",
			"request": {
				"method": "DELETE",
				"header": [],
				"url": {
					"raw": "{{url}}/api/users/ecea3c1c-0aeb-46c8-98ae-77dd8ed5a3fa",
					"host": [
						"{{url}}"
					],
					"path": [
						"api",
						"users",
						"ecea3c1c-0aeb-46c8-98ae-77dd8ed5a3fa"
					]
				}
			},
			"response": [
				{
					"name": "Delete User",
					"originalRequest": {
						"method": "DELETE",
						"header": [],
						"url": {
							"raw": "{{url}}/api/users/ecea3c1c-0aeb-46c8-98ae-77dd8ed5a3fa",
							"host": [
								"{{url}}"
							],
							"path": [
								"api",
								"users",
								"ecea3c1c-0aeb-46c8-98ae-77dd8ed5a3fa"
							]
						}
					},
					"status": "OK",
					"code": 200,
					"_postman_previewlanguage": "json",
					"header": [
						{
							"key": "X-Powered-By",
							"value": "Express"
						},
						{
							"key": "Content-Type",
							"value": "application/json; charset=utf-8"
						},
						{
							"key": "Content-Length",
							"value": "43"
						},
						{
							"key": "ETag",
							"value": "W/\"2b-zzmzL9cO8ZjvKMw5dVdTToR33jc\""
						},
						{
							"key": "Date",
							"value": "Mon, 05 Jan 2026 07:59:37 GMT"
						},
						{
							"key": "Connection",
							"value": "keep-alive"
						},
						{
							"key": "Keep-Alive",
							"value": "timeout=5"
						}
					],
					"cookie": [],
					"body": "{\n    \"message\": \"User deactivated successfully\"\n}"
				}
			]
		}
	]
}